timeStamp,elapsed,label,responseCode,responseMessage,threadName,dataType,success,failureMessage,bytes,sentBytes,grpThreads,allThreads,Latency,IdleTime,Connect,"id","quoteReferenceId"
1537438978725,26173,Get Premium,200,OK,Get Premium- concurrent user  1-1,text,true,,8657,4653,27,27,26173,0,14,5b9a58f547a0e11898aeefe5,WR00028611
1537438979725,26407,Get Premium,200,OK,Get Premium- concurrent user  1-2,text,true,,8657,4653,28,28,26407,0,5,5b9a58f747a0e11898aeefe7,WR00028709
1537438980725,25992,Get Premium,200,OK,Get Premium- concurrent user  1-3,text,true,,8657,4653,28,28,25992,0,5,5b9a58f947a0e11898aeefe9,WR00028710
1537438983727,116392,Get Premium,200,OK,Get Premium- concurrent user  1-6,text,true,,8657,4653,100,100,116392,0,5,5b9a592847a0e11898aef089,WR00028722
1537438994728,105445,Get Premium,200,OK,Get Premium- concurrent user  1-17,text,true,,8657,4653,100,100,105445,0,5,5b9a594647a0e11898aef0aa,WR00028744
1537439003731,96474,Get Premium,200,OK,Get Premium- concurrent user  1-26,text,true,,8657,4653,100,100,96473,0,23,5b9a593847a0e11898aef09a,WR00028736
1537439001727,98718,Get Premium,200,OK,Get Premium- concurrent user  1-24,text,true,,8657,4653,100,100,98717,0,4,5b9a59a347a0e11898aef103,WR00028729
1537438985727,114727,Get Premium,200,OK,Get Premium- concurrent user  1-8,text,true,,8657,4653,100,100,114727,0,5,5b9a592447a0e11898aef083,WR00028719
1537439004732,95722,Get Premium,200,OK,Get Premium- concurrent user  1-27,text,true,,8657,4653,100,100,95722,0,5,5b9a590d47a0e11898aef04f,WR00028732
1537439005732,94753,Get Premium,200,OK,Get Premium- concurrent user  1-28,text,true,,8657,4653,100,100,94751,0,5,5b9a593b47a0e11898aef09e,WR00028738
1537439006133,94390,Get Premium,200,OK,Get Premium- concurrent user  1-2,text,true,,8657,4653,100,100,94388,0,5,5b9a59a547a0e11898aef105,WR00028776
1537438996730,103824,Get Premium,200,OK,Get Premium- concurrent user  1-19,text,true,,8657,4653,100,100,103822,0,5,5b9a595e47a0e11898aef0c4,WR00028757
1537439002732,97905,Get Premium,200,OK,Get Premium- concurrent user  1-25,text,true,,8657,4653,100,100,97905,0,5,5b9a591d47a0e11898aef07b,WR00028726
1537438982726,117922,Get Premium,200,OK,Get Premium- concurrent user  1-5,text,true,,8657,4653,100,100,117922,0,4,5b9a58f847a0e11898aeefe8,WR00028708
1537438995730,104950,Get Premium,200,OK,Get Premium- concurrent user  1-18,text,true,,8657,4653,100,100,104950,0,5,5b9a599c47a0e11898aef0fc,WR00028802
1537438981726,119019,Get Premium,200,OK,Get Premium- concurrent user  1-4,text,true,,8657,4653,100,100,119019,0,6,5b9a58f647a0e11898aeefe6,WR00028707
1537438990731,110047,Get Premium,200,OK,Get Premium- concurrent user  1-13,text,true,,8657,4653,100,100,110046,0,6,5b9a591047a0e11898aef06c,WR00028712
1537438984732,116078,Get Premium,200,OK,Get Premium- concurrent user  1-7,text,true,,8657,4653,100,100,116078,0,6,5b9a591f47a0e11898aef07d,WR00028716
1537438986727,114116,Get Premium,200,OK,Get Premium- concurrent user  1-9,text,true,,8657,4653,100,100,114116,0,6,5b9a592247a0e11898aef081,WR00028718
1537438989727,111172,Get Premium,200,OK,Get Premium- concurrent user  1-12,text,true,,8657,4653,100,100,111172,0,5,5b9a592a47a0e11898aef08b,WR00028723
1537438999725,101204,Get Premium,200,OK,Get Premium- concurrent user  1-22,text,true,,8657,4653,100,100,101204,0,5,5b9a598447a0e11898aef0e2,WR00028791
1537438991731,109244,Get Premium,200,OK,Get Premium- concurrent user  1-14,text,true,,8657,4653,100,100,109244,0,5,5b9a592547a0e11898aef085,WR00028720
1537438992730,108313,Get Premium,200,OK,Get Premium- concurrent user  1-15,text,true,,8657,4653,100,100,108313,0,5,5b9a592647a0e11898aef086,WR00028721
1537438988728,112358,Get Premium,200,OK,Get Premium- concurrent user  1-11,text,true,,8657,4653,100,100,112358,0,5,5b9a590c47a0e11898aef027,WR00028711
1537438993728,107390,Get Premium,200,OK,Get Premium- concurrent user  1-16,text,true,,8657,4653,100,100,107390,0,5,5b9a591647a0e11898aef073,WR00028715
1537438997731,103422,Get Premium,200,OK,Get Premium- concurrent user  1-20,text,true,,8657,4653,100,100,103422,0,5,5b9a599a47a0e11898aef0fa,WR00028803
1537438987728,113482,Get Premium,200,OK,Get Premium- concurrent user  1-10,text,true,,8657,4653,100,100,113481,0,5,5b9a591247a0e11898aef06e,WR00028713
1537439004898,96348,Get Premium,200,OK,Get Premium- concurrent user  1-1,text,true,,8657,4653,100,100,96348,0,5,5b9a594a47a0e11898aef0ae,WR00028747
1537439000732,100751,Get Premium,200,OK,Get Premium- concurrent user  1-23,text,true,,8657,4653,100,100,100751,0,5,5b9a593447a0e11898aef095,WR00028734
1537438998730,106158,Get Premium,200,OK,Get Premium- concurrent user  1-21,text,true,,8657,4653,100,100,106158,0,5,5b9a594147a0e11898aef0a4,WR00028741
1537439063741,166809,Get Premium,200,OK,Get Premium- concurrent user  1-86,text,true,,8657,4653,100,100,166809,0,5,5b9a59c247a0e11898aef1d4,WR00028807
1537439100746,130012,Get Premium,200,OK,Get Premium- concurrent user  1-4,text,true,,8657,4653,100,100,130011,0,5,5b9a59f347a0e11898aef210,WR00028830
1537439007732,223423,Get Premium,200,OK,Get Premium- concurrent user  1-30,text,true,,8657,4653,100,100,223423,0,9,5b9a593247a0e11898aef093,WR00028733
1537439045736,189103,Get Premium,200,OK,Get Premium- concurrent user  1-68,text,true,,8657,4653,100,100,189103,0,5,5b9a594d47a0e11898aef0b2,WR00028748
1537439100778,134063,Get Premium,200,OK,Get Premium- concurrent user  1-13,text,true,,8657,4653,100,100,134062,0,5,5b9a5a0f47a0e11898aef22f,WR00028866
1537439100638,134240,Get Premium,200,OK,Get Premium- concurrent user  1-25,text,true,,8657,4653,100,100,134240,0,5,5b9a5a0f47a0e11898aef230,WR00028871
1537439010733,224178,Get Premium,200,OK,Get Premium- concurrent user  1-33,text,true,,8657,4653,100,100,224178,0,9,5b9a590e47a0e11898aef057,WR00028730
1537439015732,219189,Get Premium,200,OK,Get Premium- concurrent user  1-38,text,true,,8657,4653,100,100,219189,0,5,5b9a596c47a0e11898aef0d4,WR00028784
1537439018733,216194,Get Premium,200,OK,Get Premium- concurrent user  1-41,text,true,,8657,4653,100,100,216193,0,7,5b9a592147a0e11898aef07f,WR00028717
1537439014732,220197,Get Premium,200,OK,Get Premium- concurrent user  1-37,text,true,,8657,4653,100,100,220197,0,5,5b9a591347a0e11898aef06f,WR00028731
1537439024734,210196,Get Premium,200,OK,Get Premium- concurrent user  1-47,text,true,,8657,4653,100,100,210195,0,6,5b9a598647a0e11898aef0e4,WR00028792
1537439062740,172194,Get Premium,200,OK,Get Premium- concurrent user  1-85,text,true,,8657,4653,100,100,172192,0,6,5b9a598f47a0e11898aef0ee,WR00028797
1537439067742,167195,Get Premium,200,OK,Get Premium- concurrent user  1-90,text,true,,8657,4653,100,100,167195,0,6,5b9a59d947a0e11898aef1e6,WR00028821
1537439025741,209237,Get Premium,200,OK,Get Premium- concurrent user  1-48,text,true,,8657,4653,100,100,209237,0,5,5b9a594b47a0e11898aef0b0,WR00028746
1537439022733,212406,Get Premium,200,OK,Get Premium- concurrent user  1-45,text,true,,8657,4653,100,100,212406,0,7,5b9a597647a0e11898aef0d8,WR00028786
1537439100681,137648,Get Premium,200,OK,Get Premium- concurrent user  1-18,text,true,,8657,4653,100,100,137648,0,4,5b9a5a0747a0e11898aef228,WR00028875
1537439047736,190834,Get Premium,200,OK,Get Premium- concurrent user  1-70,text,true,,8657,4653,100,100,190834,0,6,5b9a593947a0e11898aef09c,WR00028737
1537439037733,201032,Get Premium,200,OK,Get Premium- concurrent user  1-60,text,true,,8657,4653,100,100,201032,0,5,5b9a596847a0e11898aef0d0,WR00028782
1537439038734,203150,Get Premium,200,OK,Get Premium- concurrent user  1-61,text,true,,8657,4653,100,100,203150,0,5,5b9a59a947a0e11898aef110,WR00028767
1537439100976,141102,Get Premium,200,OK,Get Premium- concurrent user  1-14,text,true,,8657,4653,100,100,141102,0,5,5b9a5a1347a0e11898aef235,WR00028869
1537439100455,141833,Get Premium,200,OK,Get Premium- concurrent user  1-8,text,true,,8657,4653,100,100,141832,0,4,5b9a5a0b47a0e11898aef22b,WR00028873
1537439056739,188998,Get Premium,200,OK,Get Premium- concurrent user  1-79,text,true,,8657,4653,100,100,188998,0,5,5b9a59a847a0e11898aef109,WR00028777
1537439074743,171198,Get Premium,200,OK,Get Premium- concurrent user  1-97,text,true,,8657,4653,100,100,171198,0,5,5b9a59d047a0e11898aef1d7,WR00028808
1537439058739,187480,Get Premium,200,OK,Get Premium- concurrent user  1-81,text,true,,8657,4653,100,100,187480,0,5,5b9a59a947a0e11898aef10a,WR00028772
1537439101154,148339,Get Premium,200,OK,Get Premium- concurrent user  1-20,text,true,,8657,4653,100,100,148339,0,5,5b9a59d447a0e11898aef1d9,WR00028815
1537439055738,193869,Get Premium,200,OK,Get Premium- concurrent user  1-78,text,true,,8657,4653,100,100,193869,0,5,5b9a59a947a0e11898aef10e,WR00028768
1537439009732,240104,Get Premium,502,Bad Gateway,Get Premium- concurrent user  1-32,text,false,,1617,4653,100,100,240104,0,13,5b9a593d47a0e11898aef0a0,WR00028739
1537439100524,149368,Get Premium,200,OK,Get Premium- concurrent user  1-2,text,true,,8656,4653,100,100,149368,0,5,5b9a59dd47a0e11898aef1f3,WR00028877
1537439020733,232504,Get Premium,200,OK,Get Premium- concurrent user  1-43,text,true,,8656,4653,100,100,232504,0,5,5b9a59a247a0e11898aef102,WR00028775
1537439029735,223607,Get Premium,200,OK,Get Premium- concurrent user  1-52,text,true,,8657,4653,100,100,223607,0,7,5b9a59aa47a0e11898aef112,WR00028762
1537439100174,153170,Get Premium,200,OK,Get Premium- concurrent user  1-17,text,true,,8657,4653,100,100,153170,0,4,5b9a59dc47a0e11898aef1ea,WR00028822
1537439101119,152227,Get Premium,200,OK,Get Premium- concurrent user  1-16,text,true,,8657,4653,100,100,152227,0,4,5b9a5a1347a0e11898aef234,WR00028870
1537439028734,224619,Get Premium,200,OK,Get Premium- concurrent user  1-51,text,true,,8657,4653,100,100,224619,0,4,5b9a59a947a0e11898aef10b,WR00028771
1537439100555,152800,Get Premium,200,OK,Get Premium- concurrent user  1-19,text,true,,8657,4653,100,100,152799,0,4,5b9a5a0f47a0e11898aef233,WR00028863
1537439101087,152269,Get Premium,200,OK,Get Premium- concurrent user  1-11,text,true,,8657,4653,100,100,152269,0,5,5b9a59d447a0e11898aef1dc,WR00028812
1537439069742,183621,Get Premium,200,OK,Get Premium- concurrent user  1-92,text,true,,8657,4653,100,100,183621,0,21,5b9a59dc47a0e11898aef1e7,WR00028817
1537439076744,176621,Get Premium,200,OK,Get Premium- concurrent user  1-99,text,true,,8657,4653,100,100,176621,0,4,5b9a59d447a0e11898aef1db,WR00028813
1537439039735,213631,Get Premium,200,OK,Get Premium- concurrent user  1-62,text,true,,8657,4653,100,100,213630,0,6,5b9a599547a0e11898aef0f4,WR00028800
1537439100899,152468,Get Premium,200,OK,Get Premium- concurrent user  1-12,text,true,,8657,4653,100,100,152467,0,5,5b9a59f347a0e11898aef20f,WR00028829
1537439026733,226688,Get Premium,200,OK,Get Premium- concurrent user  1-49,text,true,,8657,4653,100,100,226688,0,6,5b9a59a747a0e11898aef107,WR00028778
1537439017736,235688,Get Premium,200,OK,Get Premium- concurrent user  1-40,text,true,,8657,4653,100,100,235688,0,7,5b9a598d47a0e11898aef0ec,WR00028796
1537439036734,216698,Get Premium,200,OK,Get Premium- concurrent user  1-59,text,true,,8657,4653,100,100,216697,0,5,5b9a595547a0e11898aef0ba,WR00028752
1537439071742,181691,Get Premium,200,OK,Get Premium- concurrent user  1-94,text,true,,8657,4653,100,100,181690,0,5,5b9a59d847a0e11898aef1e5,WR00028820
1537439051737,201702,Get Premium,200,OK,Get Premium- concurrent user  1-74,text,true,,8657,4653,100,100,201702,0,5,5b9a591b47a0e11898aef079,WR00028765
1537439054739,198701,Get Premium,200,OK,Get Premium- concurrent user  1-77,text,true,,8657,4653,100,100,198701,0,6,5b9a599847a0e11898aef0f8,WR00028804
1537439027734,229015,Get Premium,200,OK,Get Premium- concurrent user  1-50,text,true,,8657,4653,100,100,229015,0,6,5b9a59aa47a0e11898aef113,WR00028761
1537439059740,197011,Get Premium,200,OK,Get Premium- concurrent user  1-82,text,true,,8657,4653,100,100,197010,0,5,5b9a596447a0e11898aef0ca,WR00028780
1537439021732,235029,Get Premium,200,OK,Get Premium- concurrent user  1-44,text,true,,8657,4653,100,100,235029,0,5,5b9a595a47a0e11898aef0c0,WR00028755
1537439100649,156112,Get Premium,200,OK,Get Premium- concurrent user  1-5,text,true,,8657,4653,100,100,156110,0,6,5b9a59e447a0e11898aef1f7,WR00028861
1537439068742,188277,Get Premium,200,OK,Get Premium- concurrent user  1-91,text,true,,8657,4653,100,100,188273,0,5,5b9a59d447a0e11898aef1dd,WR00028811
1537439100930,159782,Get Premium,200,OK,Get Premium- concurrent user  1-22,text,true,,8657,4653,100,100,159781,0,5,5b9a5a0f47a0e11898aef231,WR00028865
1537439065742,198382,Get Premium,200,OK,Get Premium- concurrent user  1-88,text,true,,8656,4653,100,100,198382,0,4,5b9a59a947a0e11898aef10d,WR00028769
1537439101210,166061,Get Premium,200,OK,Get Premium- concurrent user  1-10,text,true,,8657,4653,100,100,166061,0,6,5b9a59dd47a0e11898aef1f2,WR00028876
1537439048736,221964,Get Premium,200,OK,Get Premium- concurrent user  1-71,text,true,,8657,4653,100,100,221964,0,5,5b9a594347a0e11898aef0a6,WR00028742
1537439072742,202035,Get Premium,200,OK,Get Premium- concurrent user  1-95,text,true,,8657,4653,100,100,202032,0,5,5b9a59dc47a0e11898aef1e8,WR00028816
1537439100811,174140,Get Premium,200,OK,Get Premium- concurrent user  1-7,text,true,,8657,4653,100,100,174140,0,4,5b9a5a0b47a0e11898aef22c,WR00028872
1537439100456,174574,Get Premium,200,OK,Get Premium- concurrent user  1-27,text,true,,8657,4653,100,100,174574,0,4,5b9a59ea47a0e11898aef1fd,WR00028860
1537439070743,204629,Get Premium,200,OK,Get Premium- concurrent user  1-93,text,true,,8657,4653,100,100,204629,0,5,5b9a59d847a0e11898aef1df,WR00028819
1537439041735,233955,Get Premium,200,OK,Get Premium- concurrent user  1-64,text,true,,8656,4653,100,100,233955,0,5,5b9a596547a0e11898aef0cc,WR00028801
1537439053739,221985,Get Premium,200,OK,Get Premium- concurrent user  1-76,text,true,,8657,4653,100,100,221985,0,5,5b9a596747a0e11898aef0ce,WR00028781
1537439100844,174987,Get Premium,200,OK,Get Premium- concurrent user  1-9,text,true,,8656,4653,100,100,174987,0,4,5b9a5a0b47a0e11898aef22e,WR00028867
1537439049737,226186,Get Premium,200,OK,Get Premium- concurrent user  1-72,text,true,,8657,4653,100,100,226186,0,5,5b9a59a047a0e11898aef100,WR00028774
1537439100206,175762,Get Premium,200,OK,Get Premium- concurrent user  1-26,text,true,,8657,4653,100,100,175762,0,5,5b9a59d847a0e11898aef1de,WR00028810
1537439046737,229282,Get Premium,200,OK,Get Premium- concurrent user  1-69,text,true,,8657,4653,100,100,229281,0,6,5b9a593647a0e11898aef098,WR00028735
1537439100486,175629,Get Premium,200,OK,Get Premium- concurrent user  1-28,text,true,,8657,4653,100,100,175628,0,7,5b9a5a0847a0e11898aef22a,WR00028874
1537439052739,223416,Get Premium,200,OK,Get Premium- concurrent user  1-75,text,true,,8657,4653,100,100,223415,0,5,5b9a598c47a0e11898aef0ea,WR00028795
1537439064741,211479,Get Premium,200,OK,Get Premium- concurrent user  1-87,text,true,,8657,4653,100,100,211479,0,4,5b9a599147a0e11898aef0f0,WR00028798
1537439040736,235508,Get Premium,200,OK,Get Premium- concurrent user  1-63,text,true,,8657,4653,100,100,235507,0,6,5b9a59bd47a0e11898aef173,WR00028806
1537439100446,175853,Get Premium,200,OK,Get Premium- concurrent user  1-24,text,true,,8657,4653,100,100,175853,0,7,5b9a59dc47a0e11898aef1e9,WR00028818
1537439044738,231639,Get Premium,200,OK,Get Premium- concurrent user  1-67,text,true,,8657,4653,100,100,231639,0,5,5b9a592c47a0e11898aef08d,WR00028724
1537439077743,198846,Get Premium,200,OK,Get Premium- concurrent user  1-100,text,true,,8657,4653,100,100,198846,0,6,5b9a59d347a0e11898aef1d8,WR00028809
1537439075742,200893,Get Premium,200,OK,Get Premium- concurrent user  1-98,text,true,,8657,4653,100,100,200892,0,5,5b9a59fb47a0e11898aef21b,WR00028842
1537439043736,232977,Get Premium,200,OK,Get Premium- concurrent user  1-66,text,true,,8657,4653,100,100,232977,0,6,5b9a591547a0e11898aef071,WR00028714
1537439050738,226078,Get Premium,200,OK,Get Premium- concurrent user  1-73,text,true,,8657,4653,100,100,226077,0,5,5b9a593047a0e11898aef091,WR00028727
1537439073742,203169,Get Premium,200,OK,Get Premium- concurrent user  1-96,text,true,,8657,4653,100,100,203169,0,5,5b9a59d447a0e11898aef1da,WR00028814
1537439066741,210220,Get Premium,200,OK,Get Premium- concurrent user  1-89,text,true,,8657,4653,100,100,210220,0,6,5b9a59aa47a0e11898aef111,WR00028766
1537439061740,215233,Get Premium,200,OK,Get Premium- concurrent user  1-84,text,true,,8657,4653,100,100,215233,0,5,5b9a59a847a0e11898aef108,WR00028773
1537439100120,176917,Get Premium,200,OK,Get Premium- concurrent user  1-6,text,true,,8657,4653,100,100,176916,0,5,5b9a59e447a0e11898aef1f6,WR00028824
1537439060740,216387,Get Premium,200,OK,Get Premium- concurrent user  1-83,text,true,,8657,4653,100,100,216387,0,5,5b9a599e47a0e11898aef0fe,WR00028779
1537439042735,234430,Get Premium,200,OK,Get Premium- concurrent user  1-65,text,true,,8657,4653,100,100,234429,0,5,5b9a593f47a0e11898aef0a2,WR00028740
1537439057739,219560,Get Premium,200,OK,Get Premium- concurrent user  1-80,text,true,,8657,4653,100,100,219560,0,5,5b9a597f47a0e11898aef0dc,WR00028788
1537439101248,195835,Get Premium,200,OK,Get Premium- concurrent user  1-1,text,true,,8657,4653,100,100,195835,0,4,5b9a5a0447a0e11898aef225,WR00028859
1537439101044,199833,Get Premium,200,OK,Get Premium- concurrent user  1-15,text,true,,8657,4653,100,100,199833,0,4,5b9a59ef47a0e11898aef20a,WR00028839
1537439104889,199363,Get Premium,200,OK,Get Premium- concurrent user  1-21,text,true,,8657,4653,100,100,199362,0,5,5b9a59e047a0e11898aef1f4,WR00028827
1537439101485,212476,Get Premium,200,OK,Get Premium- concurrent user  1-23,text,true,,8657,4653,100,100,212476,0,5,5b9a59ff47a0e11898aef21e,WR00028851
1537439231157,176993,Get Premium,200,OK,Get Premium- concurrent user  1-30,text,true,,8657,4653,100,100,176993,0,6,5b9a59dd47a0e11898aef1eb,WR00028823
1537439230759,177501,Get Premium,200,OK,Get Premium- concurrent user  1-4,text,true,,8657,4653,100,100,177500,0,11,5b9a59e047a0e11898aef1f5,WR00028825
1537439234880,173418,Get Premium,200,OK,Get Premium- concurrent user  1-25,text,true,,8657,4653,100,100,173417,0,6,5b9a59ff47a0e11898aef220,WR00028849
1537439234931,176483,Get Premium,200,OK,Get Premium- concurrent user  1-37,text,true,,8657,4653,100,100,176480,0,5,5b9a59ff47a0e11898aef21f,WR00028848
1537439253364,158162,Get Premium,200,OK,Get Premium- concurrent user  1-92,text,true,,8657,4653,100,100,158162,0,5,5b9a5a1747a0e11898aef277,WR00028888
1537439253346,158183,Get Premium,200,OK,Get Premium- concurrent user  1-17,text,true,,8657,4653,100,100,158182,0,5,5b9a5a1b47a0e11898aef27b,WR00028878
1537439242288,175698,Get Premium,200,OK,Get Premium- concurrent user  1-8,text,true,,8656,4653,100,100,175697,0,5,5b9a59ff47a0e11898aef21d,WR00028852
1537439234936,189332,Get Premium,200,OK,Get Premium- concurrent user  1-85,text,true,,8657,4653,100,100,189332,0,4,5b9a5a1347a0e11898aef237,WR00028868
1537439234928,196161,Get Premium,200,OK,Get Premium- concurrent user  1-41,text,true,,8657,4653,100,100,196159,0,5,5b9a5a0347a0e11898aef224,WR00028854
1537439249609,181507,Get Premium,200,OK,Get Premium- concurrent user  1-78,text,true,,8657,4653,100,100,181507,0,4,5b9a59f747a0e11898aef212,WR00028835
1537439241885,189879,Get Premium,200,OK,Get Premium- concurrent user  1-61,text,true,,8657,4653,100,100,189879,0,5,5b9a59f747a0e11898aef215,WR00028833
1537439234841,200524,Get Premium,200,OK,Get Premium- concurrent user  1-68,text,true,,8657,4653,100,100,200524,0,6,5b9a59f647a0e11898aef211,WR00028836
1537439234913,200510,Get Premium,200,OK,Get Premium- concurrent user  1-33,text,true,,8657,4653,100,100,200510,0,5,5b9a59ee47a0e11898aef203,WR00028828
1537439245738,193215,Get Premium,200,OK,Get Premium- concurrent user  1-79,text,true,,8657,4653,100,100,193215,0,6,5b9a5a0747a0e11898aef226,WR00028858
1537439234980,206942,Get Premium,200,OK,Get Premium- concurrent user  1-48,text,true,,8657,4653,100,100,206942,0,5,5b9a59fb47a0e11898aef219,WR00028843
1537439234842,217341,Get Premium,200,OK,Get Premium- concurrent user  1-13,text,true,,8657,4653,100,100,217340,0,7,5b9a5a0f47a0e11898aef232,WR00028864
1537439245943,223133,Get Premium,200,OK,Get Premium- concurrent user  1-97,text,true,,8656,4653,100,100,223133,0,4,5b9a59f347a0e11898aef20c,WR00028837
1537439253356,220568,Get Premium,200,OK,Get Premium- concurrent user  1-51,text,true,,8657,4653,100,100,220566,0,4,5b9a5a1b47a0e11898aef27c,WR00028881
1537439235141,240033,Get Premium,502,Bad Gateway,Get Premium- concurrent user  1-45,text,false,,1617,4653,100,100,240033,0,6,5b9a59ef47a0e11898aef20b,WR00028840
1537439238329,237547,Get Premium,500,,Get Premium- concurrent user  1-18,,false,,476,4653,100,100,237547,0,6,5b9a5a0b47a0e11898aef22d,WR00028862
1537439256762,220661,Get Premium,200,OK,Get Premium- concurrent user  1-5,text,true,,8657,4653,100,100,220661,0,5,5b9a5a3a47a0e11898aef2e8,WR00028905
1537439249494,228036,Get Premium,200,OK,Get Premium- concurrent user  1-20,text,true,,8657,4653,100,100,228036,0,5,5b9a5a0347a0e11898aef223,WR00028855
1537439253368,224163,Get Premium,200,OK,Get Premium- concurrent user  1-12,text,true,,8657,4653,100,100,224163,0,5,5b9a5a1f47a0e11898aef283,WR00028886
1537439242078,237732,Get Premium,500,,Get Premium- concurrent user  1-14,,false,,476,4653,100,100,237732,0,5,5b9a59fb47a0e11898aef217,WR00028845
1537439246221,237060,Get Premium,500,,Get Premium- concurrent user  1-81,,false,,476,4653,100,100,237060,0,8,5b9a5a0747a0e11898aef229,WR00028857
1537439256751,230213,Get Premium,200,OK,Get Premium- concurrent user  1-50,text,true,,8657,4653,100,100,230213,0,5,5b9a5a3047a0e11898aef2bb,WR00028901
1537439264126,222839,Get Premium,200,OK,Get Premium- concurrent user  1-88,text,true,,8657,4653,100,100,222838,0,5,5b9a5a2447a0e11898aef288,WR00028891
1537439260713,226338,Get Premium,200,OK,Get Premium- concurrent user  1-22,text,true,,8657,4653,100,100,226338,0,7,5b9a5a3047a0e11898aef2ba,WR00028894
1537439253348,233901,Get Premium,500,,Get Premium- concurrent user  1-16,,false,,476,4653,100,100,233901,0,4,5b9a5a1347a0e11898aef239,WR00028884
1537439253367,233882,Get Premium,500,,Get Premium- concurrent user  1-62,,false,,476,4653,100,100,233882,0,5,5b9a5a1747a0e11898aef278,WR00028880
1537439253426,234040,Get Premium,500,,Get Premium- concurrent user  1-40,,false,,476,4653,100,100,234040,0,5,5b9a5a1747a0e11898aef23a,WR00028882
1537439253434,236894,Get Premium,500,,Get Premium- concurrent user  1-59,,false,,476,4653,100,100,236894,0,6,5b9a5a1f47a0e11898aef281,WR00028885
1537439253441,236887,Get Premium,500,,Get Premium- concurrent user  1-74,,false,,476,4653,100,100,236887,0,5,5b9a5a3947a0e11898aef2e5,WR00028906
1537439253356,237375,Get Premium,500,,Get Premium- concurrent user  1-19,,false,,476,4653,100,100,237375,0,4,5b9a59f747a0e11898aef214,WR00028847
1537439253358,240491,Get Premium,502,Bad Gateway,Get Premium- concurrent user  1-11,text,false,,1617,4653,100,100,240491,0,4,5b9a59f747a0e11898aef213,WR00028834
1537439267273,237427,Get Premium,500,,Get Premium- concurrent user  1-10,,false,,476,4653,100,100,237427,0,5,5b9a5a2c47a0e11898aef2b7,WR00028892
1537439270702,234060,Get Premium,500,,Get Premium- concurrent user  1-71,,false,,476,4653,100,100,234060,0,4,5b9a5a3a47a0e11898aef2eb,WR00028908
1537439274778,230328,Get Premium,500,,Get Premium- concurrent user  1-95,,false,,476,4653,100,100,230328,0,5,5b9a5a3947a0e11898aef2e3,WR00028907
1537439275031,230283,Get Premium,500,,Get Premium- concurrent user  1-27,,false,,476,4653,100,100,230283,0,5,5b9a5a2c47a0e11898aef2b3,WR00028893
1537439274953,230364,Get Premium,500,,Get Premium- concurrent user  1-7,,false,,476,4653,100,100,230364,0,7,5b9a5a3047a0e11898aef2bc,WR00028900
1537439275374,232264,Get Premium,500,,Get Premium- concurrent user  1-93,,false,,476,4653,100,100,232264,0,5,5b9a5a1f47a0e11898aef27f,WR00028887
1537439275692,231946,Get Premium,500,,Get Premium- concurrent user  1-64,,false,,476,4653,100,100,231946,0,5,5b9a5a1f47a0e11898aef280,WR00028902
1537439275833,232013,Get Premium,500,,Get Premium- concurrent user  1-9,,false,,476,4653,100,100,232013,0,5,5b9a5a3e47a0e11898aef31e,WR00028928
1537439275925,231921,Get Premium,500,,Get Premium- concurrent user  1-72,,false,,476,4653,100,100,231921,0,4,5b9a5a3d47a0e11898aef318,WR00028938
1537439276222,231624,Get Premium,500,,Get Premium- concurrent user  1-87,,false,,476,4653,100,100,231624,0,5,5b9a5a4147a0e11898aef33d,WR00028955
1537439276020,232024,Get Premium,500,,Get Premium- concurrent user  1-69,,false,,476,4653,100,100,232024,0,5,5b9a5a3b47a0e11898aef308,WR00028915
1537439276245,231800,Get Premium,500,,Get Premium- concurrent user  1-63,,false,,476,4653,100,100,231800,0,5,5b9a5a4147a0e11898aef33a,WR00028957
1537439276591,231455,Get Premium,500,,Get Premium- concurrent user  1-100,,false,,476,4653,100,100,231455,0,8,5b9a5a3d47a0e11898aef317,WR00028914
1537439276715,231532,Get Premium,500,,Get Premium- concurrent user  1-66,,false,,476,4653,100,100,231532,0,5,5b9a5a3d47a0e11898aef31b,WR00028912
1537439276817,231430,Get Premium,500,,Get Premium- concurrent user  1-73,,false,,476,4653,100,100,231430,0,5,5b9a5a3f47a0e11898aef32a,WR00028951
1537439275726,232524,Get Premium,500,,Get Premium- concurrent user  1-76,,false,,476,4653,100,100,232524,0,5,5b9a5a3947a0e11898aef2e0,WR00028904
1537439277166,231159,Get Premium,500,,Get Premium- concurrent user  1-65,,false,,476,4653,100,100,231159,0,5,5b9a5a3d47a0e11898aef314,WR00028918
1537439275970,232481,Get Premium,500,,Get Premium- concurrent user  1-26,,false,,476,4653,100,100,232481,0,5,5b9a5a4047a0e11898aef332,WR00028946
1537439276379,232274,Get Premium,500,,Get Premium- concurrent user  1-67,,false,,476,4653,100,100,232274,0,4,5b9a5a4047a0e11898aef32d,WR00028950
1537439276301,232352,Get Premium,500,,Get Premium- concurrent user  1-24,,false,,476,4653,100,100,232352,0,5,5b9a5a3c47a0e11898aef30f,WR00028923
1537439276116,232537,Get Premium,500,,Get Premium- concurrent user  1-28,,false,,476,4653,100,100,232537,0,5,5b9a5a3e47a0e11898aef320,WR00028931
1537439276636,232221,Get Premium,500,,Get Premium- concurrent user  1-98,,false,,476,4653,100,100,232221,0,5,5b9a5a3c47a0e11898aef30d,WR00028925
1537439276156,232908,Get Premium,500,,Get Premium- concurrent user  1-75,,false,,476,4653,100,100,232908,0,5,5b9a5a3d47a0e11898aef312,WR00028920
1537439277129,231935,Get Premium,500,,Get Premium- concurrent user  1-83,,false,,476,4653,100,100,231935,0,4,5b9a5a3c47a0e11898aef309,WR00028909
1537439276963,232104,Get Premium,500,,Get Premium- concurrent user  1-89,,false,,476,4653,100,100,232104,0,5,5b9a5a4047a0e11898aef32f,WR00028940
1537439276913,232349,Get Premium,500,,Get Premium- concurrent user  1-96,,false,,476,4653,100,100,232349,0,4,5b9a5a3d47a0e11898aef319,WR00028939
1537439277038,232224,Get Premium,500,,Get Premium- concurrent user  1-6,,false,,476,4653,100,100,232224,0,6,5b9a5a3e47a0e11898aef322,WR00028932
1537439277301,232168,Get Premium,500,,Get Premium- concurrent user  1-80,,false,,476,4653,100,100,232168,0,5,5b9a5a3e47a0e11898aef31f,WR00028929
1537439276975,232500,Get Premium,500,,Get Premium- concurrent user  1-84,,false,,476,4653,100,100,232500,0,8,5b9a5a3e47a0e11898aef31c,WR00028942
1537439297085,233442,Get Premium,500,,Get Premium- concurrent user  1-1,,false,,476,4653,100,100,233442,0,25,5b9a5a4147a0e11898aef33c,WR00028954
1537439300879,230299,Get Premium,500,,Get Premium- concurrent user  1-15,,false,,476,4653,100,100,230299,0,4,5b9a5a3c47a0e11898aef310,WR00028922
1537439304253,230287,Get Premium,500,,Get Premium- concurrent user  1-21,,false,,476,4653,100,100,230287,0,5,5b9a5a3f47a0e11898aef325,WR00028935
1537439313962,230147,Get Premium,500,,Get Premium- concurrent user  1-23,,false,,476,4653,100,100,230147,0,4,5b9a5a4147a0e11898aef33e,WR00028953
1537439408299,199413,Get Premium,200,OK,Get Premium- concurrent user  1-25,text,true,,8656,4653,100,100,199413,0,5,5b9a5a4047a0e11898aef330,WR00028949
1537439411530,196191,Get Premium,200,OK,Get Premium- concurrent user  1-17,text,true,,8657,4653,99,99,196190,0,7,5b9a5a3d47a0e11898aef316,WR00028916
1537439417988,189733,Get Premium,200,OK,Get Premium- concurrent user  1-8,text,true,,8657,4653,98,98,189733,0,10,5b9a5a4347a0e11898aef37f,WR00028968
1537439411416,197091,Get Premium,200,OK,Get Premium- concurrent user  1-37,text,true,,8657,4653,97,97,197091,0,5,5b9a5a4447a0e11898aef385,WR00028973
1537439408152,200356,Get Premium,200,OK,Get Premium- concurrent user  1-30,text,true,,8657,4653,97,97,200356,0,29,5b9a5a3c47a0e11898aef30c,WR00028926
1537439408261,200250,Get Premium,200,OK,Get Premium- concurrent user  1-4,text,true,,8657,4653,95,95,200249,0,5,5b9a5a3e47a0e11898aef321,WR00028930
1537439435367,173545,Get Premium,200,OK,Get Premium- concurrent user  1-68,text,true,,8657,4653,94,94,173545,0,6,5b9a5a4047a0e11898aef331,WR00028945
1537439424270,184642,Get Premium,200,OK,Get Premium- concurrent user  1-85,text,true,,8657,4653,94,94,184641,0,5,5b9a5a4347a0e11898aef37c,WR00028965
1537439431768,177367,Get Premium,200,OK,Get Premium- concurrent user  1-61,text,true,,8657,4632,92,92,177367,0,5,5b9a5a4447a0e11898aef386,WR00028980
1537439411528,197640,Get Premium,200,OK,Get Premium- concurrent user  1-92,text,true,,8657,4653,91,91,197639,0,6,5b9a5a4047a0e11898aef32e,WR00028941
1537439435426,173801,Get Premium,200,OK,Get Premium- concurrent user  1-33,text,true,,8656,4653,90,90,173800,0,4,5b9a5a3f47a0e11898aef329,WR00028943
1537439441925,167416,Get Premium,200,OK,Get Premium- concurrent user  1-48,text,true,,8657,4653,89,89,167416,0,5,5b9a5a4447a0e11898aef388,WR00028975
1537439431119,178301,Get Premium,200,OK,Get Premium- concurrent user  1-78,text,true,,8657,4653,88,88,178301,0,5,5b9a5a4447a0e11898aef382,WR00028981
1537439438956,173731,Get Premium,200,OK,Get Premium- concurrent user  1-79,text,true,,8656,4653,87,87,173731,0,5,5b9a5a4347a0e11898aef37b,WR00028964
1537439431092,182061,Get Premium,200,OK,Get Premium- concurrent user  1-41,text,true,,8657,4653,86,86,182061,0,5,5b9a5a3d47a0e11898aef315,WR00028917
1537439452185,160969,Get Premium,200,OK,Get Premium- concurrent user  1-13,text,true,,8657,4653,85,85,160969,0,5,5b9a5a4147a0e11898aef33b,WR00028952
1537439505110,115070,Get Premium,200,OK,Get Premium- concurrent user  1-95,text,true,,8657,4653,84,84,115070,0,5,5b9a5a4347a0e11898aef381,WR00028970
1537439469079,151140,Get Premium,200,OK,Get Premium- concurrent user  1-97,text,true,,8657,4653,83,83,151139,0,15,5b9a5a4247a0e11898aef353,WR00028960
1537439477534,142686,Get Premium,200,OK,Get Premium- concurrent user  1-20,text,true,,8657,4653,82,82,142686,0,5,5b9a5a4447a0e11898aef384,WR00028972
1537439507850,112436,Get Premium,200,OK,Get Premium- concurrent user  1-87,text,true,,8657,4653,81,81,112436,0,5,5b9a5a3d47a0e11898aef313,WR00028919
1537439507641,112676,Get Premium,200,OK,Get Premium- concurrent user  1-64,text,true,,8657,4653,80,80,112676,0,5,5b9a5a4347a0e11898aef37e,WR00028967
1537439477427,142921,Get Premium,200,OK,Get Premium- concurrent user  1-5,text,true,,8657,4653,79,79,142921,0,4,5b9a5a4047a0e11898aef335,WR00028944
1537439477535,142814,Get Premium,200,OK,Get Premium- concurrent user  1-12,text,true,,8657,4653,79,79,142814,0,4,5b9a5a3e47a0e11898aef323,WR00028933
1537439508047,115498,Get Premium,200,OK,Get Premium- concurrent user  1-69,text,true,,8657,4653,77,77,115498,0,5,5b9a5a4247a0e11898aef354,WR00028961
1537439505320,118552,Get Premium,200,OK,Get Premium- concurrent user  1-7,text,true,,8657,4653,76,76,118552,0,5,5b9a5a4147a0e11898aef33f,WR00028956
1537439508050,115822,Get Premium,200,OK,Get Premium- concurrent user  1-100,text,true,,8655,4653,76,76,115822,0,5,5b9a5a4247a0e11898aef352,WR00028959
1537439507850,116058,Get Premium,200,OK,Get Premium- concurrent user  1-9,text,true,,8655,4653,74,74,116057,0,4,5b9a5a4247a0e11898aef355,WR00028962
1537439508048,122854,Get Premium,200,OK,Get Premium- concurrent user  1-63,text,true,,8656,4653,73,73,122854,0,5,5b9a5a3d47a0e11898aef31a,WR00028913
1537439504766,126242,Get Premium,200,OK,Get Premium- concurrent user  1-71,text,true,,8657,4653,72,72,126242,0,4,5b9a5a3c47a0e11898aef311,WR00028921
1537439507850,123254,Get Premium,200,OK,Get Premium- concurrent user  1-72,text,true,,8656,4653,71,71,123254,0,5,5b9a5a3f47a0e11898aef324,WR00028934
1537439490330,144459,Get Premium,200,OK,Get Premium- concurrent user  1-59,text,true,,8657,4653,70,70,144459,0,5,5b9a5a3c47a0e11898aef30b,WR00028911
1537439483283,151512,Get Premium,200,OK,Get Premium- concurrent user  1-81,text,true,,8656,4653,69,69,151512,0,5,5b9a5a3c47a0e11898aef30e,WR00028924
1537439487053,147744,Get Premium,200,OK,Get Premium- concurrent user  1-22,text,true,,8657,4653,68,68,147735,0,7,5b9a5a3e47a0e11898aef31d,WR00028927
1537439505317,129509,Get Premium,200,OK,Get Premium- concurrent user  1-27,text,tru